{
    "apis": [
        {
            "api_uid": "api_vra_branding", 
            "description": "Branding Service", 
            "name": "vRealize Automation Branding Service API", 
            "products": [
                "vRealize Automation;7.3.0"
            ], 
            "resources": {
                "docs": [
                    {
                        "categories": [
                            "API_OVERVIEW"
                        ], 
                        "downloadUrl": "/local/swagger/api-vra-branding-service.html", 
                        "title": "API Overview", 
                        "webUrl": "/local/swagger/api-vra-branding-service.html"
                    }
                ]
            }, 
            "url": "local/swagger/api-vra-branding-service.json", 
            "version": "(vRealize Automation 7.3.0)"
        }, 
        {
            "api_uid": "api_vra_event_broker", 
            "description": "Event Broker API Specification", 
            "name": "vRealize Automation Event Broker Service API", 
            "products": [
                "vRealize Automation;7.3.0"
            ], 
            "resources": {
                "docs": [
                    {
                        "categories": [
                            "API_OVERVIEW"
                        ], 
                        "downloadUrl": "/local/swagger/api-vra-event-broker-service.html", 
                        "title": "API Overview", 
                        "webUrl": "/local/swagger/api-vra-event-broker-service.html"
                    }
                ]
            }, 
            "url": "local/swagger/api-vra-event-broker-service.json", 
            "version": "(vRealize Automation 7.3.0)"
        }, 
        {
            "api_uid": "api_vra_management", 
            "description": "Reclamation Service API Specification", 
            "name": "vRealize Automation Reclamation Service API", 
            "products": [
                "vRealize Automation;7.3.0"
            ], 
            "resources": {
                "docs": [
                    {
                        "categories": [
                            "API_OVERVIEW"
                        ], 
                        "downloadUrl": "/local/swagger/api-vra-management-service.html", 
                        "title": "API Overview", 
                        "webUrl": "/local/swagger/api-vra-management-service.html"
                    }
                ]
            }, 
            "url": "local/swagger/api-vra-management-service.json", 
            "version": "(vRealize Automation 7.3.0)"
        }, 
        {
            "api_uid": "api_vra_composition", 
            "description": "Composition Service API Specification", 
            "name": "vRealize Automation Composition Service API", 
            "products": [
                "vRealize Automation;7.3.0"
            ], 
            "resources": {
                "docs": [
                    {
                        "categories": [
                            "API_OVERVIEW"
                        ], 
                        "downloadUrl": "/local/swagger/api-vra-composition-service.html", 
                        "title": "API Overview", 
                        "webUrl": "/local/swagger/api-vra-composition-service.html"
                    }
                ]
            }, 
            "url": "local/swagger/api-vra-composition-service.json", 
            "version": "(vRealize Automation 7.3.0)"
        }, 
        {
            "api_uid": "api_vra_approval", 
            "description": "Approval Service API Specification", 
            "name": "vRealize Automation Approval Service API", 
            "products": [
                "vRealize Automation;7.3.0"
            ], 
            "resources": {
                "docs": [
                    {
                        "categories": [
                            "API_OVERVIEW"
                        ], 
                        "downloadUrl": "/local/swagger/api-vra-approval-service.html", 
                        "title": "API Overview", 
                        "webUrl": "/local/swagger/api-vra-approval-service.html"
                    }
                ]
            }, 
            "url": "local/swagger/api-vra-approval-service.json", 
            "version": "(vRealize Automation 7.3.0)"
        }, 
        {
            "api_uid": "api_vra_portal", 
            "description": "Portal Service", 
            "name": "vRealize Automation Portal Services API", 
            "products": [
                "vRealize Automation;7.3.0"
            ], 
            "resources": {
                "docs": [
                    {
                        "categories": [
                            "API_OVERVIEW"
                        ], 
                        "downloadUrl": "/local/swagger/api-vra-portal-service.html", 
                        "title": "API Overview", 
                        "webUrl": "/local/swagger/api-vra-portal-service.html"
                    }
                ]
            }, 
            "url": "local/swagger/api-vra-portal-service.json", 
            "version": "(vRealize Automation 7.3.0)"
        }, 
        {
            "api_uid": "api_vra_notification", 
            "description": "Notification Service API Specification", 
            "name": "vRealize Automation Notification Service API", 
            "products": [
                "vRealize Automation;7.3.0"
            ], 
            "resources": {
                "docs": [
                    {
                        "categories": [
                            "API_OVERVIEW"
                        ], 
                        "downloadUrl": "/local/swagger/api-vra-notification-service.html", 
                        "title": "API Overview", 
                        "webUrl": "/local/swagger/api-vra-notification-service.html"
                    }
                ]
            }, 
            "url": "local/swagger/api-vra-notification-service.json", 
            "version": "(vRealize Automation 7.3.0)"
        }, 
        {
            "api_uid": "api_vra_software", 
            "description": "Software Service API Specification", 
            "name": "vRealize Automation Software Service API", 
            "products": [
                "vRealize Automation;7.3.0"
            ], 
            "resources": {
                "docs": [
                    {
                        "categories": [
                            "API_OVERVIEW"
                        ], 
                        "downloadUrl": "/local/swagger/api-vra-software-service.html", 
                        "title": "API Overview", 
                        "webUrl": "/local/swagger/api-vra-software-service.html"
                    }
                ]
            }, 
            "url": "local/swagger/api-vra-software-service.json", 
            "version": "(vRealize Automation 7.3.0)"
        }, 
        {
            "api_uid": "api_vra_iaas_proxy_provider", 
            "description": "IaaS Proxy Service API Specification", 
            "name": "vRealize Automation IaaS Proxy Provider Service API", 
            "products": [
                "vRealize Automation;7.3.0"
            ], 
            "resources": {
                "docs": [
                    {
                        "categories": [
                            "API_OVERVIEW"
                        ], 
                        "downloadUrl": "/local/swagger/api-vra-iaas-proxy-provider.html", 
                        "title": "API Overview", 
                        "webUrl": "/local/swagger/api-vra-iaas-proxy-provider.html"
                    }
                ]
            }, 
            "url": "local/swagger/api-vra-iaas-proxy-provider.json", 
            "version": "(vRealize Automation 7.3.0)"
        }, 
        {
            "api_uid": "api_vra_licensing", 
            "description": "Licensing Service API Specification", 
            "name": "vRealize Automation Licensing Service API", 
            "products": [
                "vRealize Automation;7.3.0"
            ], 
            "resources": {
                "docs": [
                    {
                        "categories": [
                            "API_OVERVIEW"
                        ], 
                        "downloadUrl": "/local/swagger/api-vra-licensing-service.html", 
                        "title": "API Overview", 
                        "webUrl": "/local/swagger/api-vra-licensing-service.html"
                    }
                ]
            }, 
            "url": "local/swagger/api-vra-licensing-service.json", 
            "version": "(vRealize Automation 7.3.0)"
        }, 
        {
            "api_uid": "api_vra_vco", 
            "description": "Overview", 
            "name": "vRealize Automation vRealize Orchestrator Server API", 
            "products": [
                "vRealize Automation;7.3.0"
            ], 
            "resources": {
                "docs": [
                    {
                        "categories": [
                            "API_OVERVIEW"
                        ], 
                        "downloadUrl": "/local/swagger/api-vra-vco.html", 
                        "title": "API Overview", 
                        "webUrl": "/local/swagger/api-vra-vco.html"
                    }
                ]
            }, 
            "url": "local/swagger/api-vra-vco.json", 
            "version": "(vRealize Automation 7.3.0)"
        }, 
        {
            "api_uid": "api_vra_placement", 
            "description": "Overview", 
            "name": "vRealize Automation Placement Service API", 
            "products": [
                "vRealize Automation;7.3.0"
            ], 
            "resources": {
                "docs": [
                    {
                        "categories": [
                            "API_OVERVIEW"
                        ], 
                        "downloadUrl": "/local/swagger/api-vra-placement-service.html", 
                        "title": "API Overview", 
                        "webUrl": "/local/swagger/api-vra-placement-service.html"
                    }
                ]
            }, 
            "url": "local/swagger/api-vra-placement-service.json", 
            "version": "(vRealize Automation 7.3.0)"
        }, 
        {
            "api_uid": "api_vra_forms", 
            "description": "Forms Service API Specification", 
            "name": "vRealize Automation Forms Service API", 
            "products": [
                "vRealize Automation;7.3.0"
            ], 
            "resources": {
                "docs": [
                    {
                        "categories": [
                            "API_OVERVIEW"
                        ], 
                        "downloadUrl": "/local/swagger/api-vra-forms-service.html", 
                        "title": "API Overview", 
                        "webUrl": "/local/swagger/api-vra-forms-service.html"
                    }
                ]
            }, 
            "url": "local/swagger/api-vra-forms-service.json", 
            "version": "(vRealize Automation 7.3.0)"
        }, 
        {
            "api_uid": "api_vra_network", 
            "description": "Network Service API Specification", 
            "name": "vRealize Automation Network Service API", 
            "products": [
                "vRealize Automation;7.3.0"
            ], 
            "resources": {
                "docs": [
                    {
                        "categories": [
                            "API_OVERVIEW"
                        ], 
                        "downloadUrl": "/local/swagger/api-vra-network-service.html", 
                        "title": "API Overview", 
                        "webUrl": "/local/swagger/api-vra-network-service.html"
                    }
                ]
            }, 
            "url": "local/swagger/api-vra-network-service.json", 
            "version": "(vRealize Automation 7.3.0)"
        }, 
        {
            "api_uid": "api_vra_catalog", 
            "description": "Catalog Service API Specification", 
            "name": "vRealize Automation Catalog Service API", 
            "products": [
                "vRealize Automation;7.3.0"
            ], 
            "resources": {
                "docs": [
                    {
                        "categories": [
                            "API_OVERVIEW"
                        ], 
                        "downloadUrl": "/local/swagger/api-vra-catalog-service.html", 
                        "title": "API Overview", 
                        "webUrl": "/local/swagger/api-vra-catalog-service.html"
                    }
                ]
            }, 
            "url": "local/swagger/api-vra-catalog-service.json", 
            "version": "(vRealize Automation 7.3.0)"
        }, 
        {
            "api_uid": "api_vra_workitem", 
            "description": "Work Item Service API Specification", 
            "name": "vRealize Automation Work-item Service API", 
            "products": [
                "vRealize Automation;7.3.0"
            ], 
            "resources": {
                "docs": [
                    {
                        "categories": [
                            "API_OVERVIEW"
                        ], 
                        "downloadUrl": "/local/swagger/api-vra-workitem-service.html", 
                        "title": "API Overview", 
                        "webUrl": "/local/swagger/api-vra-workitem-service.html"
                    }
                ]
            }, 
            "url": "local/swagger/api-vra-workitem-service.json", 
            "version": "(vRealize Automation 7.3.0)"
        }, 
        {
            "api_uid": "api_vra_content_management", 
            "description": "Content Management Service API Specification", 
            "name": "vRealize Automation Content Service API", 
            "products": [
                "vRealize Automation;7.3.0"
            ], 
            "resources": {
                "docs": [
                    {
                        "categories": [
                            "API_OVERVIEW"
                        ], 
                        "downloadUrl": "/local/swagger/api-vra-content-management.html", 
                        "title": "API Overview", 
                        "webUrl": "/local/swagger/api-vra-content-management.html"
                    }
                ]
            }, 
            "url": "local/swagger/api-vra-content-management.json", 
            "version": "(vRealize Automation 7.3.0)"
        }, 
        {
            "api_uid": "api_vra_endpoint_configuration", 
            "description": "Endpoint Configuration Service API Specification", 
            "name": "vRealize Automation Endpoint Configuration Service API", 
            "products": [
                "vRealize Automation;7.3.0"
            ], 
            "resources": {
                "docs": [
                    {
                        "categories": [
                            "API_OVERVIEW"
                        ], 
                        "downloadUrl": "/local/swagger/api-vra-endpoint-configuration-service.html", 
                        "title": "API Overview", 
                        "webUrl": "/local/swagger/api-vra-endpoint-configuration-service.html"
                    }
                ]
            }, 
            "url": "local/swagger/api-vra-endpoint-configuration-service.json", 
            "version": "(vRealize Automation 7.3.0)"
        }, 
        {
            "api_uid": "api_vra_advanced_designer", 
            "description": "XaaS (Advanced Service Designer) Service API Specification", 
            "name": "vRealize Automation Advanced Designer Service API", 
            "products": [
                "vRealize Automation;7.3.0"
            ], 
            "resources": {
                "docs": [
                    {
                        "categories": [
                            "API_OVERVIEW"
                        ], 
                        "downloadUrl": "/local/swagger/api-vra-advanced-designer-service.html", 
                        "title": "API Overview", 
                        "webUrl": "/local/swagger/api-vra-advanced-designer-service.html"
                    }
                ]
            }, 
            "url": "local/swagger/api-vra-advanced-designer-service.json", 
            "version": "(vRealize Automation 7.3.0)"
        }, 
        {
            "api_uid": "api_vra_identity", 
            "description": "Identity Overview", 
            "name": "vRealize Automation Identity Service API", 
            "products": [
                "vRealize Automation;7.3.0"
            ], 
            "resources": {
                "docs": [
                    {
                        "categories": [
                            "API_OVERVIEW"
                        ], 
                        "downloadUrl": "/local/swagger/api-vra-identity.html", 
                        "title": "API Overview", 
                        "webUrl": "/local/swagger/api-vra-identity.html"
                    }
                ]
            }, 
            "url": "local/swagger/api-vra-identity.json", 
            "version": "(vRealize Automation 7.3.0)"
        }, 
        {
            "api_uid": "api_vra_plugin", 
            "description": "Extensibility Service", 
            "name": "vRealize Automation Extensibility Service API", 
            "products": [
                "vRealize Automation;7.3.0"
            ], 
            "resources": {
                "docs": [
                    {
                        "categories": [
                            "API_OVERVIEW"
                        ], 
                        "downloadUrl": "/local/swagger/api-vra-plugin-service.html", 
                        "title": "API Overview", 
                        "webUrl": "/local/swagger/api-vra-plugin-service.html"
                    }
                ]
            }, 
            "url": "local/swagger/api-vra-plugin-service.json", 
            "version": "(vRealize Automation 7.3.0)"
        }, 
        {
            "api_uid": "api_vra_o11n_gateway", 
            "description": "Orchestration Gateway Service API Specification", 
            "name": "vRealize Automation Orchestration (o11n) Gateway Service API", 
            "products": [
                "vRealize Automation;7.3.0"
            ], 
            "resources": {
                "docs": [
                    {
                        "categories": [
                            "API_OVERVIEW"
                        ], 
                        "downloadUrl": "/local/swagger/api-vra-o11n-gateway-service.html", 
                        "title": "API Overview", 
                        "webUrl": "/local/swagger/api-vra-o11n-gateway-service.html"
                    }
                ]
            }, 
            "url": "local/swagger/api-vra-o11n-gateway-service.json", 
            "version": "(vRealize Automation 7.3.0)"
        }, 
        {
            "api_uid": "api_vra_reservation", 
            "description": "Reservation Service", 
            "name": "vRealize Automation Reservation Service API", 
            "products": [
                "vRealize Automation;7.3.0"
            ], 
            "resources": {
                "docs": [
                    {
                        "categories": [
                            "API_OVERVIEW"
                        ], 
                        "downloadUrl": "/local/swagger/api-vra-reservation-service.html", 
                        "title": "API Overview", 
                        "webUrl": "/local/swagger/api-vra-reservation-service.html"
                    }
                ]
            }, 
            "url": "local/swagger/api-vra-reservation-service.json", 
            "version": "(vRealize Automation 7.3.0)"
        }, 
        {
            "api_uid": "api_vra_ipam", 
            "description": "IPAM Service API Specification", 
            "name": "vRealize Automation IPAM Service API", 
            "products": [
                "vRealize Automation;7.3.0"
            ], 
            "resources": {
                "docs": [
                    {
                        "categories": [
                            "API_OVERVIEW"
                        ], 
                        "downloadUrl": "/local/swagger/api-vra-ipam-service.html", 
                        "title": "API Overview", 
                        "webUrl": "/local/swagger/api-vra-ipam-service.html"
                    }
                ]
            }, 
            "url": "local/swagger/api-vra-ipam-service.json", 
            "version": "(vRealize Automation 7.3.0)"
        }, 
        {
            "api_uid": "api_vra_container", 
            "description": "Overview", 
            "name": "vRealize Automation Container Service API", 
            "products": [
                "vRealize Automation;7.3.0"
            ], 
            "resources": {
                "docs": [
                    {
                        "categories": [
                            "API_OVERVIEW"
                        ], 
                        "downloadUrl": "/local/swagger/api-vra-container-service.html", 
                        "title": "API Overview", 
                        "webUrl": "/local/swagger/api-vra-container-service.html"
                    }
                ]
            }, 
            "url": "local/swagger/api-vra-container-service.json", 
            "version": "(vRealize Automation 7.3.0)"
        }, 
        {
            "api_uid": "api_vra_properties", 
            "description": "Property Service API Specification", 
            "name": "vRealize Automation Properties Service API", 
            "products": [
                "vRealize Automation;7.3.0"
            ], 
            "resources": {
                "docs": [
                    {
                        "categories": [
                            "API_OVERVIEW"
                        ], 
                        "downloadUrl": "/local/swagger/api-vra-properties-service.html", 
                        "title": "API Overview", 
                        "webUrl": "/local/swagger/api-vra-properties-service.html"
                    }
                ]
            }, 
            "url": "local/swagger/api-vra-properties-service.json", 
            "version": "(vRealize Automation 7.3.0)"
        }, 
        {
            "api_uid": "api_vra_healthbroker_proxy_server", 
            "description": "Service Registry Config API", 
            "name": "vRealize Automation Service Registry Config API", 
            "products": [
                "vRealize Automation;7.3.0"
            ], 
            "resources": {
                "docs": [
                    {
                        "categories": [
                            "API_OVERVIEW"
                        ], 
                        "downloadUrl": "/local/swagger/api-vra-healthbroker-proxy-server.html", 
                        "title": "API Overview", 
                        "webUrl": "/local/swagger/api-vra-healthbroker-proxy-server.html"
                    }
                ]
            }, 
            "url": "local/swagger/api-vra-healthbroker-proxy-server.json", 
            "version": "(vRealize Automation 7.3.0)"
        }, 
        {
            "api_uid": "api_vra_component_registry", 
            "description": "Component Registry Service API Specification", 
            "name": "vRealize Automation Component Registry API", 
            "products": [
                "vRealize Automation;7.3.0"
            ], 
            "resources": {
                "docs": [
                    {
                        "categories": [
                            "API_OVERVIEW"
                        ], 
                        "downloadUrl": "/local/swagger/api-vra-component-registry.html", 
                        "title": "API Overview", 
                        "webUrl": "/local/swagger/api-vra-component-registry.html"
                    }
                ]
            }, 
            "url": "local/swagger/api-vra-component-registry.json", 
            "version": "(vRealize Automation 7.3.0)"
        }, 
        {
            "api_uid": "api_vra_config_management", 
            "description": "Service Registry Config API", 
            "name": "vRealize Automation Service Registry Config API", 
            "products": [
                "vRealize Automation;7.3.0"
            ], 
            "resources": {
                "docs": [
                    {
                        "categories": [
                            "API_OVERVIEW"
                        ], 
                        "downloadUrl": "/local/swagger/api-vra-config-management-service.html", 
                        "title": "API Overview", 
                        "webUrl": "/local/swagger/api-vra-config-management-service.html"
                    }
                ]
            }, 
            "url": "local/swagger/api-vra-config-management-service.json", 
            "version": "(vRealize Automation 7.3.0)"
        }
    ]
}